<?xml version="1.0" encoding="UTF-8"?>
<project-private xmlns="http://www.netbeans.org/ns/project-private/1">
    <editor-bookmarks xmlns="http://www.netbeans.org/ns/editor-bookmarks/2" lastBookmarkId="0"/>
    <open-files xmlns="http://www.netbeans.org/ns/projectui-open-files/2">
        <group>
            <file>file:/C:/Users/dyogo/OneDrive/Documentos/NetBeansProjects/DyogoHenrique%2012-03/src/Pessoa.java</file>
            <file>file:/C:/Users/dyogo/OneDrive/Documentos/NetBeansProjects/DyogoHenrique%2012-03/src/Teste.java</file>
            <file>file:/C:/Users/dyogo/OneDrive/Documentos/NetBeansProjects/DyogoHenrique%2012-03/src/Medico.java</file>
            <file>file:/C:/Users/dyogo/OneDrive/Documentos/NetBeansProjects/DyogoHenrique%2012-03/src/dyogohenrique/pkg12/pkg03/DyogoHenrique1203.java</file>
            <file>file:/C:/Users/dyogo/OneDrive/Documentos/NetBeansProjects/DyogoHenrique%2012-03/src/Internacao.java</file>
            <file>file:/C:/Users/dyogo/OneDrive/Documentos/NetBeansProjects/DyogoHenrique%2012-03/src/Enfermeiro.java</file>
            <file>file:/C:/Users/dyogo/OneDrive/Documentos/NetBeansProjects/DyogoHenrique%2012-03/src/Paciente.java</file>
        </group>
    </open-files>
</project-private>
